<?xml version="1.0" encoding="UTF-8" standalone="yes"?>
<addon id="repository.ytplugin" name="Youtube Addon Repo" version="1.0" provider-name="Jeffrey Frasure">
	<extension point="xbmc.addon.repository" name="Youtube Addon Repository">
		<info compressed="false">https://github.com/jdf76/repository/raw/master/addons.xml</info>
		<checksum>https://github.com/jdf76/repository/raw/master/addons.xml.md5</checksum>
		<datadir zip="true">https://github.com/jdf76/repository/raw/master/zips</datadir>
	</extension>
	<extension point="xbmc.addon.metadata">
		<summary>Install Kodi's Youtube Addons</summary>
                <description>Download and install addons from the Kodi Youtube group. This plugin is not official from Google.</description>
		<platform>all</platform>
	</extension>
</addon>

