<?xml version="1.0" encoding="UTF-8" standalone="yes"?>
<addon id="repository.yt.unofficial" name="YouTube (Unofficial)" version="1.0.0" provider-name="Jeffrey Frasure">
	<extension point="xbmc.addon.repository" name="YouTube (Unofficial)">
		<info compressed="false">https://raw.githubusercontent.com/jdf76/repository/master/unofficial/addons.xml</info>
		<checksum>https://raw.githubusercontent.com/jdf76/repository/master/unofficial/addons.xml.md5</checksum>
		<datadir zip="true">https://raw.githubusercontent.com/jdf76/repository/master/unofficial/zips</datadir>
	</extension>
	<extension point="xbmc.addon.metadata">
		<summary>Install the unofficial versions of the YouTube add-on.</summary>
		<description>Install unofficial versions of the YouTube add-on.</description>
		<disclaimer>This add-on is not supported or endorsed by Google/YouTube.</disclaimer>
		<platform>all</platform>
	</extension>
</addon>
